date,open,high,low,close,coin
2024-10-16,2629.41,2677.39,2543.48,2602.08,ethereum
2024-10-20,2607.62,2671.32,2580.1,2649.98,ethereum
2024-10-24,2648.36,2762.43,2466.25,2524.1,ethereum
2024-10-28,2521.73,2559.3,2398.74,2505.5,ethereum
2024-11-01,2505.89,2719.88,2471.44,2514.75,ethereum
2024-11-05,2514.1,2583.76,2367.8,2395.95,ethereum
2024-11-09,2396.77,2975.76,2379.25,2960.96,ethereum
2024-11-13,2961.69,3424.15,2959.92,3260.93,ethereum
2024-11-17,3248.62,3339.06,3016.77,3133.88,ethereum
2024-11-21,3133.19,3213.1,3034.84,3075.19,ethereum
2024-11-25,3074.47,3489.86,3039.26,3368.7,ethereum
2024-11-29,3368.63,3682.28,3262.47,3579.24,ethereum
2024-12-03,3578.87,3749.64,3543.59,3643.86,ethereum
2024-12-07,3645.09,4089.23,3540.71,4013.73,ethereum
2024-12-11,4007.73,4027.39,3524.91,3626.59,ethereum
2024-12-15,3628.0,3985.4,3570.34,3867.0,ethereum
2024-12-19,3868.32,4081.83,3625.59,3628.26,ethereum
2024-12-23,3622.13,3718.53,3112.95,3275.89,ethereum
2024-12-27,3277.06,3538.01,3224.07,3327.79,ethereum
2024-12-31,3331.43,3429.7,3299.88,3359.51,ethereum
2025-01-04,3358.67,3621.98,3313.15,3604.29,ethereum
2025-01-08,3606.12,3737.69,3373.12,3380.02,ethereum
2025-01-12,3378.84,3411.51,3160.58,3283.59,ethereum
2025-01-16,3283.01,3470.77,2979.39,3447.03,ethereum
2025-01-20,3454.32,3517.47,3133.98,3208.14,ethereum
2025-01-24,3202.87,3437.36,3151.39,3332.58,ethereum
2025-01-28,3340.58,3430.39,3036.49,3173.53,ethereum
2025-02-01,3179.89,3428.39,3050.64,3296.39,ethereum
2025-02-05,3298.53,3327.42,2368.28,2740.38,ethereum
2025-02-09,2734.76,2854.63,2572.32,2635.6,ethereum
2025-02-13,2632.81,2782.27,2541.3,2736.27,ethereum
2025-02-17,2737.2,2785.5,2619.67,2659.9,ethereum
2025-02-21,2661.15,2832.06,2612.31,2741.59,ethereum
2025-02-25,2739.73,2838.89,2503.1,2503.1,ethereum
2025-03-01,2514.86,2523.96,2082.99,2235.2,ethereum
2025-03-05,2234.71,2542.79,2022.69,2171.5,ethereum
2025-03-09,2165.17,2317.43,2104.64,2200.0,ethereum
2025-03-13,2201.42,2207.54,1791.23,1910.66,ethereum
2025-03-17,1906.88,1951.3,1825.63,1887.76,ethereum
2025-03-21,1887.3,2067.11,1874.09,1980.83,ethereum
2025-03-25,1985.52,2102.94,1938.9,2077.74,ethereum
2025-03-29,2078.6,2094.97,1866.54,1896.92,ethereum
2025-04-02,1896.32,1923.93,1782.69,1907.17,ethereum
2025-04-06,1905.22,1934.1,1756.99,1809.94,ethereum
2025-04-10,1806.91,1813.53,1398.62,1662.53,ethereum
2025-04-14,1667.07,1667.07,1487.25,1595.42,ethereum
2025-04-18,1596.41,1684.05,1551.41,1583.48,ethereum
2025-04-22,1583.45,1651.18,1570.08,1577.45,ethereum
2025-04-26,1578.78,1819.79,1558.65,1788.8,ethereum
2025-04-30,1787.36,1848.73,1754.97,1796.97,ethereum
2025-05-04,1798.93,1867.18,1750.28,1834.5,ethereum
2025-05-08,1834.07,1847.56,1757.78,1810.32,ethereum
2025-05-12,1811.71,2587.26,1810.91,2507.47,ethereum
2025-05-16,2509.65,2708.81,2425.76,2542.3,ethereum
2025-05-20,2545.16,2631.38,2367.75,2526.99,ethereum
2025-05-24,2527.81,2720.92,2460.59,2519.81,ethereum
2025-05-28,2520.23,2700.22,2479.53,2662.09,ethereum
2025-06-01,2662.17,2771.24,2494.41,2532.36,ethereum
2025-06-05,2531.53,2667.17,2482.52,2610.34,ethereum
2025-06-09,2609.95,2634.74,2408.52,2508.78,ethereum
2025-06-13,2509.01,2870.51,2482.7,2653.16,ethereum
2025-06-17,2650.1,2672.77,2468.26,2561.33,ethereum
2025-06-21,2548.1,2613.23,2389.71,2405.7,ethereum
2025-06-25,2406.19,2473.84,2134.88,2446.54,ethereum
2025-06-29,2447.33,2510.28,2391.69,2437.13,ethereum
2025-07-03,2436.76,2606.08,2393.31,2574.07,ethereum
2025-07-07,2572.33,2630.57,2478.63,2571.36,ethereum
2025-07-11,2570.82,2979.89,2521.06,2948.45,ethereum
2025-07-15,2948.78,3074.13,2908.75,3012.18,ethereum
2025-07-19,3013.07,3669.85,2942.21,3547.32,ethereum
2025-07-23,3548.42,3848.92,3523.94,3746.94,ethereum
2025-07-27,3745.23,3773.65,3530.3,3742.43,ethereum
2025-07-31,3739.71,3936.94,3708.13,3807.42,ethereum
2025-08-04,3807.38,3874.37,3373.55,3497.57,ethereum
2025-08-08,3497.79,3917.17,3495.1,3911.26,ethereum
2025-08-12,3907.6,4347.28,3884.64,4228.82,ethereum
2025-08-16,4226.51,4779.0,4226.51,4430.53,ethereum
2025-08-20,4437.62,4563.72,4074.5,4074.5,ethereum
2025-08-24,4080.65,4877.09,4074.75,4773.88,ethereum
2025-08-28,4782.43,4946.05,4341.54,4500.15,ethereum
2025-09-01,4503.25,4625.35,4279.96,4388.93,ethereum
2025-09-05,4385.61,4486.12,4238.45,4298.09,ethereum
2025-09-09,4302.63,4467.61,4250.48,4309.69,ethereum
2025-09-13,4307.14,4721.04,4279.58,4708.84,ethereum
2025-09-17,4707.47,4762.74,4431.42,4504.27,ethereum
2025-09-21,4503.4,4637.85,4440.0,4481.8,ethereum
2025-09-25,4481.48,4497.46,4100.86,4148.66,ethereum
2025-09-29,4152.85,4160.04,3833.75,4141.84,ethereum
2025-10-03,4139.68,4514.81,4089.64,4484.01,ethereum
2025-10-07,4484.18,4734.99,4443.26,4689.13,ethereum
2025-10-11,4690.84,4753.34,3574.79,3835.63,ethereum
2025-10-15,3841.67,4283.09,3664.38,4128.89,ethereum
2024-10-16,0.548052,0.554472,0.533236,0.540963,ripple
2024-10-20,0.54203,0.563574,0.537498,0.544328,ripple
2024-10-24,0.544074,0.559187,0.512423,0.525826,ripple
2024-10-28,0.525447,0.53437,0.496489,0.516356,ripple
2024-11-01,0.51652,0.53186,0.50316,0.509112,ripple
2024-11-05,0.508422,0.522698,0.493871,0.502874,ripple
2024-11-09,0.503211,0.56951,0.501304,0.554094,ripple
2024-11-13,0.553687,0.735256,0.546222,0.71257,ripple
2024-11-17,0.70875,1.22,0.646064,1.12,ripple
2024-11-21,1.12,1.18,1.014,1.11,ripple
2024-11-25,1.11,1.61,1.087,1.43,ripple
2024-11-29,1.43,1.53,1.3,1.53,ripple
2024-12-03,1.54,2.81,1.53,2.71,ripple
2024-12-07,2.71,2.82,2.2,2.42,ripple
2024-12-11,2.42,2.63,1.94,2.35,ripple
2024-12-15,2.36,2.52,2.24,2.4,ripple
2024-12-19,2.4,2.71,2.3,2.3,ripple
2024-12-23,2.3,2.42,1.98,2.2,ripple
2024-12-27,2.2,2.35,2.13,2.15,ripple
2024-12-31,2.15,2.23,2.01,2.06,ripple
2025-01-04,2.06,2.47,2.02,2.45,ripple
2025-01-08,2.45,2.49,2.27,2.28,ripple
2025-01-12,2.27,2.59,2.22,2.58,ripple
2025-01-16,2.58,3.18,2.34,3.17,ripple
2025-01-20,3.16,3.38,2.91,2.96,ripple
2025-01-24,2.95,3.34,2.94,3.12,ripple
2025-01-28,3.12,3.2,2.75,3.05,ripple
2025-02-01,3.06,3.21,2.98,3.04,ripple
2025-02-05,3.04,3.07,2.01,2.54,ripple
2025-02-09,2.53,2.56,2.29,2.43,ripple
2025-02-13,2.42,2.52,2.32,2.47,ripple
2025-02-17,2.47,2.82,2.42,2.73,ripple
2025-02-21,2.73,2.76,2.48,2.69,ripple
2025-02-25,2.69,2.71,2.28,2.28,ripple
2025-03-01,2.29,2.36,1.97,2.15,ripple
2025-03-05,2.14,2.96,2.12,2.46,ripple
2025-03-09,2.45,2.63,2.31,2.32,ripple
2025-03-13,2.32,2.35,1.92,2.24,ripple
2025-03-17,2.24,2.47,2.22,2.3,ripple
2025-03-21,2.3,2.57,2.23,2.43,ripple
2025-03-25,2.44,2.5,2.36,2.45,ripple
2025-03-29,2.45,2.48,2.16,2.2,ripple
2025-04-02,2.21,2.22,2.04,2.14,ripple
2025-04-06,2.14,2.19,1.97,2.15,ripple
2025-04-10,2.14,2.16,1.65,2.05,ripple
2025-04-14,2.05,2.23,1.93,2.12,ripple
2025-04-18,2.12,2.18,2.04,2.07,ripple
2025-04-22,2.07,2.14,2.04,2.08,ripple
2025-04-26,2.08,2.3,2.07,2.19,ripple
2025-04-30,2.18,2.34,2.17,2.24,ripple
2025-05-04,2.24,2.26,2.15,2.19,ripple
2025-05-08,2.19,2.21,2.09,2.13,ripple
2025-05-12,2.13,2.47,2.12,2.37,ripple
2025-05-16,2.37,2.63,2.37,2.38,ripple
2025-05-20,2.38,2.44,2.3,2.38,ripple
2025-05-24,2.38,2.47,2.3,2.3,ripple
2025-05-28,2.3,2.36,2.28,2.32,ripple
2025-06-01,2.32,2.32,2.1,2.18,ripple
2025-06-05,2.18,2.28,2.13,2.2,ripple
2025-06-09,2.2,2.29,2.08,2.26,ripple
2025-06-13,2.26,2.33,2.18,2.2,ripple
2025-06-17,2.19,2.33,2.1,2.26,ripple
2025-06-21,2.24,2.25,2.09,2.12,ripple
2025-06-25,2.12,2.22,1.92,2.19,ripple
2025-06-29,2.19,2.23,2.07,2.19,ripple
2025-07-03,2.19,2.31,2.15,2.23,ripple
2025-07-07,2.23,2.3,2.2,2.27,ripple
2025-07-11,2.27,2.55,2.25,2.55,ripple
2025-07-15,2.55,3.02,2.52,2.95,ripple
2025-07-19,2.96,3.65,2.82,3.42,ripple
2025-07-23,3.42,3.64,3.36,3.55,ripple
2025-07-27,3.55,3.55,2.99,3.17,ripple
2025-07-31,3.16,3.32,3.04,3.1,ripple
2025-08-04,3.1,3.17,2.75,2.95,ripple
2025-08-08,2.95,3.32,2.91,3.32,ripple
2025-08-12,3.32,3.37,3.12,3.14,ripple
2025-08-16,3.13,3.34,3.01,3.08,ripple
2025-08-20,3.08,3.15,2.86,2.86,ripple
2025-08-24,2.86,3.1,2.79,3.05,ripple
2025-08-28,3.05,3.12,2.84,2.97,ripple
2025-09-01,2.97,3.02,2.78,2.78,ripple
2025-09-05,2.78,2.88,2.71,2.8,ripple
2025-09-09,2.8,2.99,2.78,2.97,ripple
2025-09-13,2.98,3.13,2.94,3.11,ripple
2025-09-17,3.11,3.18,2.96,3.04,ripple
2025-09-21,3.04,3.13,2.97,2.98,ripple
2025-09-25,2.98,3.01,2.78,2.93,ripple
2025-09-29,2.93,2.94,2.7,2.86,ripple
2025-10-03,2.86,3.1,2.82,3.04,ripple
2025-10-07,3.04,3.09,2.94,2.99,ripple
2025-10-11,2.99,3.0,1.92,2.38,ripple
2025-10-15,2.37,2.64,2.32,2.51,ripple
2024-10-16,588.94,602.57,578.95,593.79,binancecoin
2024-10-20,594.89,605.96,584.72,598.06,binancecoin
2024-10-24,597.79,610.09,571.88,584.52,binancecoin
2024-10-28,584.33,598.87,568.68,588.35,binancecoin
2024-11-01,588.59,611.87,570.48,575.58,binancecoin
2024-11-05,575.08,586.19,544.26,552.0,binancecoin
2024-11-09,552.12,610.25,550.75,598.05,binancecoin
2024-11-13,597.94,662.85,597.78,629.14,binancecoin
2024-11-17,626.12,658.47,600.01,622.52,binancecoin
2024-11-21,622.58,645.77,600.35,607.3,binancecoin
2024-11-25,606.57,684.25,594.77,661.69,binancecoin
2024-11-29,661.34,675.08,602.1,654.59,binancecoin
2024-12-03,654.15,675.57,629.31,647.12,binancecoin
2024-12-07,647.45,788.84,630.67,732.54,binancecoin
2024-12-11,731.84,760.89,651.6,675.42,binancecoin
2024-12-15,675.88,732.4,659.76,715.45,binancecoin
2024-12-19,715.52,735.66,686.72,687.66,binancecoin
2024-12-23,685.72,704.59,618.83,648.57,binancecoin
2024-12-27,648.82,716.37,638.46,687.52,binancecoin
2024-12-31,688.3,728.75,684.3,703.11,binancecoin
2025-01-04,703.59,716.85,697.49,713.05,binancecoin
2025-01-08,713.85,742.2,692.3,696.83,binancecoin
2025-01-12,697.07,706.14,674.29,696.73,binancecoin
2025-01-16,696.64,715.31,658.69,714.79,binancecoin
2025-01-20,715.83,728.47,674.78,682.35,binancecoin
2025-01-24,681.17,716.37,662.39,689.69,binancecoin
2025-01-28,690.54,692.8,638.4,679.68,binancecoin
2025-02-01,680.32,689.1,659.15,677.11,binancecoin
2025-02-05,677.47,681.51,523.65,573.6,binancecoin
2025-02-09,572.55,632.86,560.85,614.71,binancecoin
2025-02-13,612.4,703.18,597.78,698.07,binancecoin
2025-02-17,698.32,728.54,652.8,674.73,binancecoin
2025-02-21,674.11,681.01,631.1,657.24,binancecoin
2025-02-25,656.65,678.61,611.65,611.65,binancecoin
2025-03-01,613.06,630.37,559.2,587.55,binancecoin
2025-03-05,587.07,637.69,548.88,583.15,binancecoin
2025-03-09,582.45,611.32,576.38,593.08,binancecoin
2025-03-13,593.17,593.17,512.35,570.72,binancecoin
2025-03-17,569.41,621.16,567.68,602.02,binancecoin
2025-03-21,602.19,641.06,602.19,630.22,binancecoin
2025-03-25,630.4,639.22,619.26,635.82,binancecoin
2025-03-29,637.16,644.81,615.06,619.52,binancecoin
2025-04-02,619.42,623.16,588.42,611.03,binancecoin
2025-04-06,610.65,611.36,578.47,594.09,binancecoin
2025-04-10,593.57,593.57,523.38,582.26,binancecoin
2025-04-14,582.3,599.6,567.47,583.64,binancecoin
2025-04-18,583.79,592.8,576.67,590.14,binancecoin
2025-04-22,590.2,607.52,587.72,596.74,binancecoin
2025-04-26,597.12,619.3,595.29,600.19,binancecoin
2025-04-30,600.27,610.41,598.12,600.59,binancecoin
2025-05-04,600.96,604.67,593.07,599.25,binancecoin
2025-05-08,599.29,608.56,584.65,603.14,binancecoin
2025-05-12,602.97,674.3,601.25,650.87,binancecoin
2025-05-16,650.96,690.35,642.22,651.14,binancecoin
2025-05-20,651.11,658.88,636.19,651.04,binancecoin
2025-05-24,650.97,689.76,641.41,655.37,binancecoin
2025-05-28,657.13,693.02,657.13,687.44,binancecoin
2025-06-01,687.4,689.77,648.65,658.57,binancecoin
2025-06-05,658.55,671.88,648.09,663.7,binancecoin
2025-06-09,663.65,670.13,627.41,652.27,binancecoin
2025-06-13,652.28,673.62,648.87,656.48,binancecoin
2025-06-17,656.14,659.13,639.26,651.48,binancecoin
2025-06-21,650.63,658.56,638.09,641.47,binancecoin
2025-06-25,641.57,644.95,602.75,643.41,binancecoin
2025-06-29,644.24,649.55,640.58,648.77,binancecoin
2025-07-03,648.76,664.55,644.68,660.03,binancecoin
2025-07-07,659.99,665.17,650.7,663.02,binancecoin
2025-07-11,663.18,686.93,656.66,685.11,binancecoin
2025-07-15,685.71,706.95,680.95,689.32,binancecoin
2025-07-19,689.18,759.58,676.25,729.51,binancecoin
2025-07-23,729.65,786.84,722.5,786.48,binancecoin
2025-07-27,786.78,808.09,746.44,794.29,binancecoin
2025-07-31,792.87,858.34,773.43,793.87,binancecoin
2025-08-04,793.12,812.03,731.72,751.4,binancecoin
2025-08-08,751.22,787.19,747.06,787.19,binancecoin
2025-08-12,787.83,825.28,781.23,806.83,binancecoin
2025-08-16,806.2,866.96,799.29,827.29,binancecoin
2025-08-20,827.63,862.74,823.46,823.46,binancecoin
2025-08-24,823.19,899.77,819.39,880.21,binancecoin
2025-08-28,880.29,885.53,831.87,856.06,binancecoin
2025-09-01,855.45,878.8,851.09,857.82,binancecoin
2025-09-05,856.74,866.88,841.09,843.67,binancecoin
2025-09-09,843.71,884.34,843.44,878.23,binancecoin
2025-09-13,879.05,928.67,872.18,925.17,binancecoin
2025-09-17,925.37,958.49,912.06,955.35,binancecoin
2025-09-21,956.04,1042.47,947.32,1042.41,binancecoin
2025-09-25,1043.27,1079.07,965.16,1018.07,binancecoin
2025-09-29,1018.46,1019.64,933.68,993.21,binancecoin
2025-10-03,993.34,1097.5,992.07,1090.31,binancecoin
2025-10-07,1091.16,1237.91,1085.89,1224.57,binancecoin
2025-10-11,1226.05,1330.51,909.86,1110.81,binancecoin
2025-10-15,1104.5,1369.99,1084.01,1212.28,binancecoin
2024-10-16,157.49,158.9,151.23,154.62,solana
2024-10-20,154.9,159.66,147.98,159.59,solana
2024-10-24,159.63,173.69,157.77,171.31,solana
2024-10-28,171.04,178.68,160.46,176.63,solana
2024-11-01,176.65,182.98,167.58,168.4,solana
2024-11-05,168.3,173.69,155.19,157.61,solana
2024-11-09,157.7,204.79,157.21,199.83,solana
2024-11-13,199.79,224.9,196.03,213.07,solana
2024-11-17,212.11,222.4,201.75,216.05,solana
2024-11-21,215.87,247.84,212.97,236.04,solana
2024-11-25,235.96,263.21,230.7,253.64,solana
2024-11-29,253.19,256.23,223.47,237.65,solana
2024-12-03,237.6,246.61,220.24,225.53,solana
2024-12-07,225.65,246.24,217.5,237.01,solana
2024-12-11,237.09,242.74,204.07,213.53,solana
2024-12-15,213.65,234.11,211.94,219.87,solana
2024-12-19,219.88,228.26,204.88,205.36,solana
2024-12-23,205.85,211.85,176.48,180.15,solana
2024-12-27,180.26,201.47,176.94,188.14,solana
2024-12-31,188.24,196.76,182.89,190.7,solana
2025-01-04,190.95,219.36,187.83,217.65,solana
2025-01-08,217.79,222.24,202.23,202.49,solana
2025-01-12,202.25,203.1,182.42,188.06,solana
2025-01-16,188.05,205.88,172.6,205.76,solana
2025-01-20,206.17,293.31,198.93,251.97,solana
2025-01-24,251.14,271.96,231.91,253.5,solana
2025-01-28,254.45,270.27,221.95,234.98,solana
2025-02-01,235.19,243.91,223.64,231.51,solana
2025-02-05,231.6,233.83,183.18,207.42,solana
2025-02-09,206.96,208.73,188.37,199.71,solana
2025-02-13,199.5,208.4,190.01,196.6,solana
2025-02-17,196.58,205.11,187.18,188.17,solana
2025-02-21,188.26,189.41,161.66,176.02,solana
2025-02-25,176.07,180.28,141.17,141.17,solana
2025-03-01,141.96,148.27,126.1,148.17,solana
2025-03-05,147.98,178.32,132.68,145.06,solana
2025-03-09,144.34,152.53,135.24,136.88,solana
2025-03-13,136.88,139.63,113.78,126.57,solana
2025-03-17,126.44,136.35,121.11,126.17,solana
2025-03-21,126.12,136.09,121.91,127.68,solana
2025-03-25,127.82,145.14,125.34,140.58,solana
2025-03-29,140.98,147.2,128.46,129.45,solana
2025-04-02,129.55,130.29,122.95,126.81,solana
2025-04-06,126.65,134.14,112.64,120.17,solana
2025-04-10,120.17,120.84,96.7,118.96,solana
2025-04-14,119.05,133.47,108.85,128.23,solana
2025-04-18,128.22,135.63,123.93,134.62,solana
2025-04-22,134.68,142.2,132.71,136.33,solana
2025-04-26,136.4,155.46,135.93,150.92,solana
2025-04-30,150.94,152.91,145.12,146.49,solana
2025-05-04,146.44,153.32,141.31,146.8,solana
2025-05-08,146.76,149.28,141.9,147.2,solana
2025-05-12,147.21,179.62,147.21,172.86,solana
2025-05-16,173.02,184.05,167.32,168.75,solana
2025-05-20,169.0,176.13,160.52,166.71,solana
2025-05-24,166.78,186.92,165.22,174.44,solana
2025-05-28,174.3,178.9,169.9,176.58,solana
2025-06-01,176.61,177.03,152.78,156.87,solana
2025-06-05,156.82,162.57,151.03,153.53,solana
2025-06-09,153.48,154.64,142.38,152.5,solana
2025-06-13,152.48,167.8,150.01,152.66,solana
2025-06-17,152.6,158.57,141.88,151.44,solana
2025-06-21,150.92,154.02,136.98,140.04,solana
2025-06-25,140.06,146.4,127.01,145.8,solana
2025-06-29,145.92,152.15,137.98,150.78,solana
2025-07-03,150.79,158.34,145.46,152.17,solana
2025-07-07,152.29,156.04,145.55,151.92,solana
2025-07-11,151.92,164.76,147.99,163.86,solana
2025-07-15,163.75,168.18,158.26,162.28,solana
2025-07-19,162.28,184.13,157.97,177.37,solana
2025-07-23,177.35,205.29,174.64,205.29,solana
2025-07-27,205.19,205.19,176.94,184.94,solana
2025-07-31,184.83,194.21,173.22,177.88,solana
2025-08-04,177.81,182.53,156.11,161.9,solana
2025-08-08,161.85,175.39,161.45,175.39,solana
2025-08-12,175.25,186.35,173.9,175.05,solana
2025-08-16,174.96,209.18,174.04,185.6,solana
2025-08-20,185.7,195.1,176.13,176.4,solana
2025-08-24,176.28,207.58,176.28,204.02,solana
2025-08-28,204.27,212.69,186.21,203.29,solana
2025-09-01,202.93,217.66,198.1,200.9,solana
2025-09-05,200.23,212.41,194.5,202.69,solana
2025-09-09,202.49,216.73,199.69,214.09,solana
2025-09-13,214.33,243.62,211.34,242.26,solana
2025-09-17,242.22,248.84,230.63,237.0,solana
2025-09-21,236.92,252.78,232.78,239.46,solana
2025-09-25,239.56,241.69,206.33,211.6,solana
2025-09-29,211.62,212.22,191.28,210.75,solana
2025-10-03,210.75,234.62,204.69,234.62,solana
2025-10-07,234.78,237.29,224.69,232.6,solana
2025-10-11,232.63,234.97,176.73,189.89,solana
2025-10-15,188.79,210.8,173.79,202.78,solana
2024-10-16,0.160409,0.160784,0.15724,0.158713,tron
2024-10-20,0.158855,0.160409,0.156834,0.157236,tron
2024-10-24,0.156743,0.160712,0.155519,0.160178,tron
2024-10-28,0.160116,0.166921,0.160097,0.16385,tron
2024-11-01,0.163862,0.170484,0.163032,0.168065,tron
2024-11-05,0.168027,0.168561,0.162496,0.162907,tron
2024-11-09,0.162885,0.164452,0.159727,0.161085,tron
2024-11-13,0.161011,0.188931,0.159983,0.188869,tron
2024-11-17,0.18796,0.204014,0.174302,0.200153,tron
2024-11-21,0.200118,0.20735,0.193307,0.19528,tron
2024-11-25,0.195225,0.222757,0.193633,0.20927,tron
2024-11-29,0.209135,0.211845,0.187358,0.203238,tron
2024-12-03,0.203255,0.220033,0.201007,0.220033,tron
2024-12-07,0.220411,0.431288,0.220411,0.325199,tron
2024-12-11,0.325107,0.334491,0.245429,0.269809,tron
2024-12-15,0.26983,0.30861,0.262197,0.28213,tron
2024-12-19,0.282118,0.304005,0.257823,0.257981,tron
2024-12-23,0.257609,0.266172,0.224977,0.243732,tron
2024-12-27,0.244005,0.259372,0.241461,0.253226,tron
2024-12-31,0.253359,0.264617,0.24993,0.252956,tron
2025-01-04,0.253059,0.270682,0.250978,0.269789,tron
2025-01-08,0.270162,0.273045,0.25275,0.252839,tron
2025-01-12,0.252416,0.25464,0.236864,0.241006,tron
2025-01-16,0.241032,0.241096,0.216851,0.23819,tron
2025-01-20,0.23828,0.256476,0.226566,0.2287,tron
2025-01-24,0.228501,0.257939,0.224048,0.25261,tron
2025-01-28,0.253456,0.261934,0.233272,0.246462,tron
2025-02-01,0.246517,0.258344,0.236359,0.253773,tron
2025-02-05,0.253717,0.256357,0.205834,0.224874,tron
2025-02-09,0.22429,0.234904,0.22173,0.231885,tron
2025-02-13,0.231525,0.248665,0.228174,0.243455,tron
2025-02-17,0.243503,0.244097,0.230236,0.242825,tron
2025-02-21,0.242638,0.247758,0.232494,0.246485,tron
2025-02-25,0.24631,0.250325,0.23483,0.239432,tron
2025-03-01,0.239936,0.24346,0.217113,0.233242,tron
2025-03-05,0.233013,0.24579,0.226671,0.242199,tron
2025-03-09,0.242235,0.250814,0.234403,0.243911,tron
2025-03-13,0.243874,0.243954,0.219733,0.223228,tron
2025-03-17,0.222777,0.226686,0.211582,0.212135,tron
2025-03-21,0.212017,0.242911,0.211131,0.234745,tron
2025-03-25,0.234513,0.240802,0.225313,0.228089,tron
2025-03-29,0.228408,0.235516,0.226008,0.232467,tron
2025-04-02,0.232152,0.23999,0.229587,0.237666,tron
2025-04-06,0.237656,0.24221,0.230671,0.238081,tron
2025-04-10,0.237712,0.239814,0.221095,0.238607,tron
2025-04-14,0.238459,0.254322,0.234657,0.254322,tron
2025-04-18,0.254361,0.258577,0.244061,0.247858,tron
2025-04-22,0.247813,0.247813,0.239798,0.24631,tron
2025-04-26,0.246408,0.249084,0.24132,0.241927,tron
2025-04-30,0.241964,0.253994,0.241964,0.243637,tron
2025-05-04,0.243767,0.249735,0.242862,0.245611,tron
2025-05-08,0.245587,0.250387,0.243739,0.248821,tron
2025-05-12,0.248773,0.267847,0.248773,0.264927,tron
2025-05-16,0.264952,0.279344,0.261009,0.273009,tron
2025-05-20,0.273065,0.277676,0.261079,0.266617,tron
2025-05-24,0.266631,0.280201,0.265691,0.268482,tron
2025-05-28,0.268612,0.278063,0.268612,0.277543,tron
2025-06-01,0.277777,0.279272,0.263851,0.265755,tron
2025-06-05,0.265751,0.274415,0.26518,0.274415,tron
2025-06-09,0.274434,0.2869,0.266816,0.281893,tron
2025-06-13,0.281871,0.294139,0.271007,0.272116,tron
2025-06-17,0.272104,0.283863,0.267793,0.275204,tron
2025-06-21,0.274803,0.279494,0.268103,0.272483,tron
2025-06-25,0.272441,0.274749,0.259457,0.273922,tron
2025-06-29,0.273905,0.276394,0.270702,0.274606,tron
2025-07-03,0.274698,0.285047,0.274652,0.284754,tron
2025-07-07,0.284728,0.287807,0.281706,0.287227,tron
2025-07-11,0.287186,0.293601,0.285721,0.293601,tron
2025-07-15,0.293521,0.306694,0.293467,0.302531,tron
2025-07-19,0.302539,0.33353,0.295762,0.325761,tron
2025-07-23,0.325839,0.32723,0.308403,0.315936,tron
2025-07-27,0.315945,0.320569,0.301609,0.320037,tron
2025-07-31,0.320225,0.348554,0.319361,0.327581,tron
2025-08-04,0.327515,0.329242,0.318963,0.327585,tron
2025-08-08,0.327424,0.341473,0.327235,0.338451,tron
2025-08-12,0.338452,0.345554,0.335099,0.345488,tron
2025-08-16,0.345007,0.369488,0.344682,0.352168,tron
2025-08-20,0.35245,0.355021,0.344967,0.348124,tron
2025-08-24,0.34769,0.367074,0.346499,0.362278,tron
2025-08-28,0.362378,0.368238,0.33963,0.34527,tron
2025-09-01,0.345113,0.349471,0.333855,0.340767,tron
2025-09-05,0.340749,0.342055,0.333888,0.334636,tron
2025-09-09,0.33459,0.338897,0.302694,0.331321,tron
2025-09-13,0.331279,0.352489,0.329914,0.352489,tron
2025-09-17,0.352606,0.354627,0.34055,0.342299,tron
2025-09-21,0.342366,0.352198,0.339088,0.346734,tron
2025-09-25,0.346758,0.346765,0.334509,0.338255,tron
2025-09-29,0.338231,0.339468,0.331048,0.335777,tron
2025-10-03,0.335618,0.344113,0.331715,0.342995,tron
2025-10-07,0.342806,0.347177,0.339629,0.346268,tron
2025-10-11,0.346215,0.347018,0.319219,0.321137,tron
2025-10-15,0.320805,0.324239,0.30862,0.31698,tron
2024-10-16,0.116646,0.118756,0.110975,0.11715,dogecoin
2024-10-20,0.117586,0.146142,0.116014,0.144817,dogecoin
2024-10-24,0.144185,0.149484,0.133642,0.1399,dogecoin
2024-10-28,0.13991,0.145264,0.129564,0.144264,dogecoin
2024-11-01,0.144297,0.178809,0.141391,0.161612,dogecoin
2024-11-05,0.161235,0.168267,0.143634,0.158152,dogecoin
2024-11-09,0.158249,0.211182,0.158249,0.202016,dogecoin
2024-11-13,0.201787,0.43457,0.197886,0.386352,dogecoin
2024-11-17,0.382483,0.428874,0.35568,0.364056,dogecoin
2024-11-21,0.363958,0.416106,0.345428,0.378826,dogecoin
2024-11-25,0.379068,0.47592,0.37205,0.429861,dogecoin
2024-11-29,0.42978,0.436259,0.367842,0.402174,dogecoin
2024-12-03,0.401722,0.457656,0.400087,0.42405,dogecoin
2024-12-07,0.424451,0.458835,0.394757,0.435694,dogecoin
2024-12-11,0.435475,0.479522,0.368364,0.393384,dogecoin
2024-12-15,0.394135,0.422877,0.376568,0.397785,dogecoin
2024-12-19,0.397702,0.412978,0.357243,0.358238,dogecoin
2024-12-23,0.357947,0.366334,0.26734,0.311911,dogecoin
2024-12-27,0.312251,0.340955,0.303655,0.311922,dogecoin
2024-12-31,0.312091,0.328815,0.307409,0.313434,dogecoin
2025-01-04,0.313515,0.387899,0.309738,0.379242,dogecoin
2025-01-08,0.379851,0.398059,0.348264,0.349004,dogecoin
2025-01-12,0.348561,0.354504,0.314828,0.341473,dogecoin
2025-01-16,0.341053,0.387706,0.31414,0.386974,dogecoin
2025-01-20,0.387042,0.433428,0.352852,0.357861,dogecoin
2025-01-24,0.357345,0.395655,0.337553,0.35227,dogecoin
2025-01-28,0.352671,0.363754,0.308411,0.333463,dogecoin
2025-02-01,0.333904,0.342144,0.31574,0.328601,dogecoin
2025-02-05,0.328678,0.331903,0.216108,0.264661,dogecoin
2025-02-09,0.264094,0.269244,0.239547,0.253158,dogecoin
2025-02-13,0.252926,0.26874,0.240961,0.264044,dogecoin
2025-02-17,0.264065,0.284811,0.254008,0.265457,dogecoin
2025-02-21,0.265669,0.268463,0.242909,0.254898,dogecoin
2025-02-25,0.254738,0.260684,0.20872,0.210187,dogecoin
2025-03-01,0.211003,0.213542,0.182663,0.202091,dogecoin
2025-03-05,0.20189,0.240299,0.185534,0.19921,dogecoin
2025-03-09,0.198497,0.218602,0.191304,0.192009,dogecoin
2025-03-13,0.19195,0.193755,0.14567,0.172437,dogecoin
2025-03-17,0.172247,0.177359,0.162162,0.168302,dogecoin
2025-03-21,0.168206,0.178915,0.163218,0.169562,dogecoin
2025-03-25,0.169582,0.188444,0.165133,0.182616,dogecoin
2025-03-29,0.182904,0.205268,0.178114,0.180277,dogecoin
2025-04-02,0.1804,0.182355,0.160867,0.174269,dogecoin
2025-04-06,0.174121,0.177884,0.156093,0.169368,dogecoin
2025-04-10,0.169015,0.16983,0.131762,0.160559,dogecoin
2025-04-14,0.160461,0.168997,0.149483,0.162669,dogecoin
2025-04-18,0.162589,0.168063,0.151436,0.155872,dogecoin
2025-04-22,0.155844,0.162407,0.152801,0.159084,dogecoin
2025-04-26,0.159195,0.185555,0.158264,0.182031,dogecoin
2025-04-30,0.181938,0.190975,0.173046,0.174399,dogecoin
2025-05-04,0.174631,0.184014,0.168994,0.175768,dogecoin
2025-05-08,0.175669,0.177121,0.164896,0.172116,dogecoin
2025-05-12,0.172063,0.256927,0.172016,0.231562,dogecoin
2025-05-16,0.231685,0.24991,0.217584,0.218819,dogecoin
2025-05-20,0.219382,0.236364,0.212736,0.224505,dogecoin
2025-05-24,0.224506,0.251527,0.218816,0.225605,dogecoin
2025-05-28,0.225266,0.231226,0.217414,0.226137,dogecoin
2025-06-01,0.226052,0.227584,0.186413,0.192957,dogecoin
2025-06-05,0.192839,0.200032,0.187604,0.188398,dogecoin
2025-06-09,0.188343,0.19212,0.169799,0.184223,dogecoin
2025-06-13,0.184186,0.203743,0.180811,0.181697,dogecoin
2025-06-17,0.181594,0.181594,0.171322,0.173786,dogecoin
2025-06-21,0.171836,0.175574,0.158858,0.162332,dogecoin
2025-06-25,0.162426,0.167281,0.144442,0.165615,dogecoin
2025-06-29,0.165637,0.166928,0.157608,0.163731,dogecoin
2025-07-03,0.163707,0.172217,0.157198,0.168926,dogecoin
2025-07-07,0.168905,0.175083,0.161825,0.171846,dogecoin
2025-07-11,0.171924,0.194784,0.166084,0.193934,dogecoin
2025-07-15,0.194076,0.212442,0.192829,0.197202,dogecoin
2025-07-19,0.197253,0.249693,0.18958,0.236233,dogecoin
2025-07-23,0.23625,0.286833,0.23625,0.269653,dogecoin
2025-07-27,0.269621,0.269621,0.223158,0.235805,dogecoin
2025-07-31,0.235451,0.247676,0.211241,0.220317,dogecoin
2025-08-04,0.219764,0.225218,0.189296,0.198863,dogecoin
2025-08-08,0.198832,0.222513,0.195943,0.222426,dogecoin
2025-08-12,0.222239,0.245767,0.220345,0.222797,dogecoin
2025-08-16,0.222458,0.253948,0.219274,0.228213,dogecoin
2025-08-20,0.228415,0.241617,0.20911,0.20911,dogecoin
2025-08-24,0.209446,0.241713,0.208735,0.235904,dogecoin
2025-08-28,0.236102,0.244142,0.206925,0.219477,dogecoin
2025-09-01,0.218863,0.225696,0.210249,0.213812,dogecoin
2025-09-05,0.213541,0.223058,0.205687,0.212484,dogecoin
2025-09-09,0.212438,0.243737,0.212182,0.242045,dogecoin
2025-09-13,0.24228,0.277548,0.234107,0.275514,dogecoin
2025-09-17,0.275603,0.30433,0.259181,0.269653,dogecoin
2025-09-21,0.269872,0.28743,0.262544,0.267556,dogecoin
2025-09-25,0.267801,0.269367,0.233324,0.240737,dogecoin
2025-09-29,0.241088,0.241733,0.221638,0.237358,dogecoin
2025-10-03,0.237148,0.262989,0.22691,0.261767,dogecoin
2025-10-07,0.261805,0.270295,0.247511,0.266306,dogecoin
2025-10-11,0.266813,0.267777,0.148914,0.193986,dogecoin
2025-10-15,0.193721,0.218041,0.179271,0.204681,dogecoin
2024-10-16,0.363783,0.370231,0.35028,0.358095,cardano
2024-10-20,0.359157,0.360955,0.339683,0.351605,cardano
2024-10-24,0.351496,0.371417,0.343708,0.350024,cardano
2024-10-28,0.349512,0.354487,0.321351,0.33955,cardano
2024-11-01,0.339646,0.362287,0.330888,0.341602,cardano
2024-11-05,0.341283,0.362704,0.321028,0.325795,cardano
2024-11-09,0.325907,0.455665,0.325907,0.443895,cardano
2024-11-13,0.444246,0.644716,0.428741,0.576112,cardano
2024-11-17,0.572883,0.800594,0.523139,0.736958,cardano
2024-11-21,0.739854,0.845319,0.698124,0.803001,cardano
2024-11-25,0.80212,1.14,0.771399,1.026,cardano
2024-11-29,1.024,1.069,0.879631,1.032,cardano
2024-12-03,1.032,1.22,1.03,1.2,cardano
2024-12-07,1.2,1.31,1.13,1.23,cardano
2024-12-11,1.23,1.23,0.916297,1.017,cardano
2024-12-15,1.021,1.17,0.977138,1.06,cardano
2024-12-19,1.06,1.12,0.968992,0.968992,cardano
2024-12-23,0.966663,0.99654,0.764869,0.882796,cardano
2024-12-27,0.882846,0.948189,0.852086,0.859342,cardano
2024-12-31,0.860001,0.909515,0.830944,0.859131,cardano
2025-01-04,0.859857,1.11,0.838504,1.09,cardano
2025-01-08,1.09,1.15,0.993335,0.993335,cardano
2025-01-12,0.989719,1.018,0.883368,0.996137,cardano
2025-01-16,0.996161,1.085,0.890968,1.084,cardano
2025-01-20,1.082,1.16,0.977349,0.991783,cardano
2025-01-24,0.990995,1.099,0.953188,0.988034,cardano
2025-01-28,0.988944,1.008,0.870333,0.933165,cardano
2025-02-01,0.934381,0.985085,0.906144,0.942531,cardano
2025-02-05,0.942374,0.954872,0.573037,0.74697,cardano
2025-02-09,0.745131,0.774181,0.684536,0.702178,cardano
2025-02-13,0.701232,0.815007,0.653449,0.797975,cardano
2025-02-17,0.799801,0.826303,0.764474,0.77135,cardano
2025-02-21,0.771638,0.824648,0.736624,0.804819,cardano
2025-02-25,0.804161,0.816708,0.679996,0.679996,cardano
2025-03-01,0.681066,0.693371,0.582591,0.634072,cardano
2025-03-05,0.63325,1.14,0.627148,0.943545,cardano
2025-03-09,0.940722,1.007,0.796445,0.804468,cardano
2025-03-13,0.804538,0.81682,0.655585,0.736667,cardano
2025-03-17,0.73486,0.758128,0.692569,0.706323,cardano
2025-03-21,0.705276,0.750884,0.683834,0.717782,cardano
2025-03-25,0.718501,0.74388,0.694244,0.729961,cardano
2025-03-29,0.731466,0.773231,0.692464,0.70545,cardano
2025-04-02,0.705489,0.710925,0.632468,0.678292,cardano
2025-04-06,0.677335,0.698676,0.615877,0.656219,cardano
2025-04-10,0.655058,0.655058,0.515683,0.632009,cardano
2025-04-14,0.63137,0.664882,0.587994,0.637004,cardano
2025-04-18,0.637274,0.654818,0.600705,0.616895,cardano
2025-04-22,0.616579,0.648002,0.611129,0.622637,cardano
2025-04-26,0.624096,0.736023,0.619538,0.713886,cardano
2025-04-30,0.714045,0.73217,0.685023,0.695735,cardano
2025-05-04,0.696119,0.727354,0.671081,0.701347,cardano
2025-05-08,0.700582,0.712268,0.644808,0.671376,cardano
2025-05-12,0.671289,0.843278,0.671262,0.804863,cardano
2025-05-16,0.805149,0.854455,0.751045,0.760909,cardano
2025-05-20,0.761143,0.784211,0.714853,0.742605,cardano
2025-05-24,0.742898,0.834145,0.725323,0.748254,cardano
2025-05-28,0.746365,0.774805,0.730566,0.757802,cardano
2025-06-01,0.758044,0.762055,0.660954,0.686304,cardano
2025-06-05,0.68618,0.703671,0.657509,0.666235,cardano
2025-06-09,0.666113,0.687607,0.623316,0.669648,cardano
2025-06-13,0.669726,0.728495,0.658566,0.664562,cardano
2025-06-17,0.663057,0.663057,0.61553,0.634809,cardano
2025-06-21,0.628159,0.641258,0.563579,0.576848,cardano
2025-06-25,0.577155,0.592569,0.513977,0.587219,cardano
2025-06-29,0.587418,0.589678,0.546167,0.565598,cardano
2025-07-03,0.565672,0.597678,0.537969,0.584695,cardano
2025-07-07,0.584661,0.609719,0.564366,0.585706,cardano
2025-07-11,0.585909,0.678906,0.573416,0.677133,cardano
2025-07-15,0.677021,0.77209,0.67089,0.733986,cardano
2025-07-19,0.7347,0.886543,0.713459,0.816174,cardano
2025-07-23,0.81617,0.929544,0.806644,0.902761,cardano
2025-07-27,0.901857,0.901857,0.766607,0.81908,cardano
2025-07-31,0.820093,0.853571,0.74143,0.764284,cardano
2025-08-04,0.762966,0.787482,0.687351,0.726237,cardano
2025-08-08,0.727117,0.786681,0.711705,0.786569,cardano
2025-08-12,0.787322,0.833232,0.767534,0.774244,cardano
2025-08-16,0.773145,1.014,0.768228,0.941799,cardano
2025-08-20,0.944688,0.98031,0.844853,0.844853,cardano
2025-08-24,0.845769,0.938456,0.823896,0.913167,cardano
2025-08-28,0.914085,0.958741,0.832408,0.850097,cardano
2025-09-01,0.850016,0.877546,0.808093,0.811693,cardano
2025-09-05,0.810894,0.842774,0.785045,0.810336,cardano
2025-09-09,0.809402,0.868259,0.806209,0.86468,cardano
2025-09-13,0.868633,0.917246,0.853973,0.916948,cardano
2025-09-17,0.917578,0.95164,0.8548,0.880387,cardano
2025-09-21,0.880533,0.937981,0.863413,0.892576,cardano
2025-09-25,0.893914,0.902962,0.797617,0.812384,cardano
2025-09-29,0.812615,0.814391,0.757302,0.808037,cardano
2025-10-03,0.808186,0.876675,0.78033,0.869214,cardano
2025-10-07,0.87067,0.889768,0.829915,0.872101,cardano
2025-10-11,0.874406,0.877289,0.472342,0.63869,cardano
2025-10-15,0.635925,0.734399,0.613653,0.699745,cardano
2024-10-16,66053.0,67803.0,64886.0,66962.0,bitcoin
2024-10-20,67103.0,68970.0,66739.0,68389.0,bitcoin
2024-10-24,68362.0,69432.0,65162.0,66684.0,bitcoin
2024-10-28,66634.0,68821.0,65564.0,67939.0,bitcoin
2024-11-01,67960.0,73562.0,67558.0,70265.0,bitcoin
2024-11-05,70180.0,71500.0,66854.0,67793.0,bitcoin
2024-11-09,67800.0,77240.0,67448.0,76550.0,bitcoin
2024-11-13,76513.0,89864.0,75868.0,88265.0,bitcoin
2024-11-17,87977.0,93477.0,86353.0,90606.0,bitcoin
2024-11-21,90597.0,94891.0,88774.0,94217.0,bitcoin
2024-11-25,94366.0,99645.0,94159.0,98016.0,bitcoin
2024-11-29,98026.0,98882.0,90752.0,95662.0,bitcoin
2024-12-03,95649.0,98685.0,94498.0,95833.0,bitcoin
2024-12-07,95862.0,103679.0,92980.0,99974.0,bitcoin
2024-12-11,99928.0,101235.0,94387.0,96650.0,bitcoin
2024-12-15,96643.0,102658.0,95741.0,101367.0,bitcoin
2024-12-19,101393.0,108135.0,100237.0,100356.0,bitcoin
2024-12-23,100139.0,102759.0,92245.0,95094.0,bitcoin
2024-12-27,95110.0,99887.0,92442.0,95678.0,bitcoin
2024-12-31,95688.0,97134.0,91375.0,92627.0,bitcoin
2025-01-04,92666.0,98971.0,91942.0,98084.0,bitcoin
2025-01-08,98116.0,102512.0,96164.0,96952.0,bitcoin
2025-01-12,96807.0,97205.0,91251.0,94560.0,bitcoin
2025-01-16,94572.0,100702.0,89800.0,100313.0,bitcoin
2025-01-20,100555.0,106307.0,97532.0,101275.0,bitcoin
2025-01-24,101184.0,108786.0,99702.0,104068.0,bitcoin
2025-01-28,104021.0,107006.0,97792.0,101958.0,bitcoin
2025-02-01,102101.0,106191.0,100272.0,102382.0,bitcoin
2025-02-05,102405.0,102749.0,92460.0,98118.0,bitcoin
2025-02-09,97888.0,100097.0,95676.0,96558.0,bitcoin
2025-02-13,96454.0,98467.0,94120.0,97836.0,bitcoin
2025-02-17,97887.0,98624.0,95410.0,96149.0,bitcoin
2025-02-21,96123.0,98758.0,93435.0,98384.0,bitcoin
2025-02-25,98337.0,99504.0,91397.0,91397.0,bitcoin
2025-03-01,91582.0,92504.0,78393.0,84442.0,bitcoin
2025-03-05,84317.0,94902.0,81688.0,87311.0,bitcoin
2025-03-09,87039.0,92756.0,84972.0,86143.0,bitcoin
2025-03-13,86173.0,86483.0,76784.0,83884.0,bitcoin
2025-03-17,83678.0,85140.0,79948.0,82611.0,bitcoin
2025-03-21,82570.0,87431.0,81208.0,84271.0,bitcoin
2025-03-25,84326.0,88714.0,83239.0,87328.0,bitcoin
2025-03-29,87483.0,88430.0,83609.0,84359.0,bitcoin
2025-04-02,84333.0,85438.0,81362.0,85238.0,bitcoin
2025-04-06,85151.0,87791.0,81333.0,83596.0,bitcoin
2025-04-10,83514.0,83668.0,74604.0,82622.0,bitcoin
2025-04-14,82595.0,85732.0,78669.0,83601.0,bitcoin
2025-04-18,83637.0,86186.0,83219.0,84931.0,bitcoin
2025-04-22,84940.0,88260.0,84038.0,87452.0,bitcoin
2025-04-26,87501.0,95564.0,87366.0,94773.0,bitcoin
2025-04-30,94739.0,95491.0,92953.0,94256.0,bitcoin
2025-05-04,94275.0,97822.0,93334.0,95923.0,bitcoin
2025-05-08,95893.0,97512.0,93592.0,97026.0,bitcoin
2025-05-12,97036.0,104841.0,96965.0,103994.0,bitcoin
2025-05-16,104083.0,105503.0,101109.0,103709.0,bitcoin
2025-05-20,103749.0,106518.0,102381.0,105629.0,bitcoin
2025-05-24,105614.0,111814.0,104386.0,107217.0,bitcoin
2025-05-28,107156.0,110407.0,106802.0,109068.0,bitcoin
2025-06-01,109010.0,109104.0,103296.0,104688.0,bitcoin
2025-06-05,104686.0,106807.0,103939.0,104813.0,bitcoin
2025-06-09,104803.0,106365.0,100783.0,105692.0,bitcoin
2025-06-13,105724.0,110282.0,105426.0,105979.0,bitcoin
2025-06-17,105898.0,108785.0,103081.0,106951.0,bitcoin
2025-06-21,106842.0,107644.0,102624.0,103290.0,bitcoin
2025-06-25,103292.0,106129.0,98467.0,105976.0,bitcoin
2025-06-29,106036.0,108116.0,105985.0,107332.0,bitcoin
2025-07-03,107333.0,109608.0,105402.0,108824.0,bitcoin
2025-07-07,108876.0,110386.0,107386.0,109215.0,bitcoin
2025-07-11,109222.0,116462.0,107591.0,115880.0,bitcoin
2025-07-15,115961.0,122838.0,115548.0,119834.0,bitcoin
2025-07-19,119849.0,120689.0,116094.0,117989.0,bitcoin
2025-07-23,118003.0,120222.0,116779.0,119956.0,bitcoin
2025-07-27,119959.0,119959.0,115086.0,117960.0,bitcoin
2025-07-31,117906.0,119754.0,116079.0,117833.0,bitcoin
2025-08-04,117828.0,118865.0,112113.0,114199.0,bitcoin
2025-08-08,114235.0,117596.0,112770.0,117463.0,bitcoin
2025-08-12,117483.0,122227.0,115979.0,118774.0,bitcoin
2025-08-16,118727.0,124128.0,116956.0,117340.0,bitcoin
2025-08-20,117397.0,118514.0,112778.0,112778.0,bitcoin
2025-08-24,112896.0,117310.0,111764.0,115360.0,bitcoin
2025-08-28,115333.0,115549.0,109214.0,111216.0,bitcoin
2025-09-01,111241.0,113329.0,107682.0,108253.0,bitcoin
2025-09-05,108226.0,112502.0,107295.0,110725.0,bitcoin
2025-09-09,110752.0,113225.0,110032.0,112025.0,bitcoin
2025-09-13,112080.0,116705.0,110822.0,116160.0,bitcoin
2025-09-17,116092.0,116970.0,114509.0,116763.0,bitcoin
2025-09-21,116797.0,117888.0,114940.0,115716.0,bitcoin
2025-09-25,115723.0,115858.0,111369.0,113321.0,bitcoin
2025-09-29,113317.0,113492.0,108776.0,112143.0,bitcoin
2025-10-03,112179.0,121044.0,111599.0,120612.0,bitcoin
2025-10-07,120515.0,126080.0,119514.0,124774.0,bitcoin
2025-10-11,124740.0,125108.0,105896.0,113202.0,bitcoin
2025-10-15,113044.0,115934.0,109862.0,113157.0,bitcoin
